Algorithm,ROC AUC,F1
svc,0.6641519707271192,0.4063519902198542
rf,0.7314762967521647,0.44526904812510554
gb,0.7052594336458343,0.40187749812266366
