Algorithm,ROC AUC,F1
svc,0.6616592061902525,0.3935694305620041
rf,0.7344587600500109,0.4518133093719274
gb,0.7182946218142603,0.40555765788434567
