Fold,Loss,Accuracy,AUC
Fold 1,2.549412488937378,0.47782546281814575,0.9170084595680237
Fold 2,2.4931046962738037,0.4749642312526703,0.9250430464744568
Fold 3,2.4707889556884766,0.4892703890800476,0.9261646866798401
Fold 4,2.4334380626678467,0.4749642312526703,0.9279799461364746
CV,2.486686050891876,0.4792560786008835,0.9240490347146988
